{
    "entryFile": "src/server.ts",
    "noImplicitAdditionalProperties": "throw-on-extras",
    "controllerPathGlobs": ["src/controllers/**/*.controller.ts"],
    "spec": {
      "outputDirectory": "src/docs",
      "specVersion": 3,
      "basePath": "/",
      "title": "API Docs",
      "version": "1.0.0",
      "description": "Documentação da API Care Idosos"
    },
    "routes": {
      "routesDir": "src/routes"
    },
    "iocModule": "src/ioc.ts",
    "securityDefinitions": {
      "jwt": {
        "type": "apiKey",
        "name": "Authorization",
        "in": "header"
      }
    },
    "security": [
      {
        "jwt": []
      }
    ],
    "ignore": [
      "**/node_modules/**",
      "**/*.spec.ts",
      "**/*.test.ts",
      "**/migrations/**",
      "**/seeders/**"
    ]
  }