{
	"openapi": "3.0.0",
	"components": {
		"examples": {},
		"headers": {},
		"parameters": {},
		"requestBodies": {},
		"responses": {},
		"schemas": {
			"IUserData": {
				"properties": {
					"userId": {
						"type": "string"
					},
					"userFirstName": {
						"type": "string"
					},
					"userLastName": {
						"type": "string"
					},
					"phone": {
						"type": "string"
					},
					"email": {
						"type": "string"
					},
					"password": {
						"type": "string"
					}
				},
				"required": [
					"userId",
					"userFirstName",
					"userLastName",
					"phone",
					"email",
					"password"
				],
				"type": "object",
				"additionalProperties": false
			},
			"Pick_IUserData.Exclude_keyofIUserData.userId__": {
				"properties": {
					"userFirstName": {
						"type": "string"
					},
					"userLastName": {
						"type": "string"
					},
					"phone": {
						"type": "string"
					},
					"email": {
						"type": "string"
					},
					"password": {
						"type": "string"
					}
				},
				"required": [
					"userFirstName",
					"userLastName",
					"phone",
					"email",
					"password"
				],
				"type": "object",
				"description": "From T, pick a set of properties whose keys are in the union K"
			},
			"Omit_IUserData.userId_": {
				"$ref": "#/components/schemas/Pick_IUserData.Exclude_keyofIUserData.userId__",
				"description": "Construct a type with the properties of T except for those in type K."
			},
			"Partial_IUserData_": {
				"properties": {
					"userId": {
						"type": "string"
					},
					"email": {
						"type": "string"
					},
					"password": {
						"type": "string"
					}
				},
				"type": "object",
				"description": "Make all properties in T optional"
			},
			"Pick_IUserData.Exclude_keyofIUserData.password__": {
				"properties": {
					"userId": {
						"type": "string"
					},
					"userFirstName": {
						"type": "string"
					},
					"userLastName": {
						"type": "string"
					},
					"phone": {
						"type": "string"
					},
					"email": {
						"type": "string"
					}
				},
				"required": [
					"userId",
					"userFirstName",
					"userLastName",
					"phone",
					"email"
				],
				"type": "object",
				"description": "From T, pick a set of properties whose keys are in the union K"
			},
			"Omit_IUserData.password_": {
				"$ref": "#/components/schemas/Pick_IUserData.Exclude_keyofIUserData.password__",
				"description": "Construct a type with the properties of T except for those in type K."
			},
			"IMedicationsData": {
				"properties": {
					"id": {
						"type": "string"
					},
					"name": {
						"type": "string"
					},
					"dosage": {
						"type": "number",
						"format": "double"
					},
					"time": {
						"type": "string"
					}
				},
				"required": [
					"id",
					"name",
					"dosage",
					"time"
				],
				"type": "object",
				"additionalProperties": false
			},
			"Pick_IMedicationsData.Exclude_keyofIMedicationsData.id__": {
				"properties": {
					"name": {
						"type": "string"
					},
					"dosage": {
						"type": "number",
						"format": "double"
					},
					"time": {
						"type": "string"
					}
				},
				"required": [
					"name",
					"dosage",
					"time"
				],
				"type": "object",
				"description": "From T, pick a set of properties whose keys are in the union K"
			},
			"Omit_IMedicationsData.id_": {
				"$ref": "#/components/schemas/Pick_IMedicationsData.Exclude_keyofIMedicationsData.id__",
				"description": "Construct a type with the properties of T except for those in type K."
			},
			"Pick_IResetMedicationsData.Exclude_keyofIResetMedicationsData.taken__": {
				"properties": {
					"reminder": {
						"type": "boolean"
					}
				},
				"required": [
					"reminder"
				],
				"type": "object",
				"description": "From T, pick a set of properties whose keys are in the union K"
			},
			"Omit_IResetMedicationsData.taken_": {
				"$ref": "#/components/schemas/Pick_IResetMedicationsData.Exclude_keyofIResetMedicationsData.taken__",
				"description": "Construct a type with the properties of T except for those in type K."
			},
			"Pick_IResetMedicationsData.Exclude_keyofIResetMedicationsData.reminder__": {
				"properties": {
					"taken": {
						"type": "boolean"
					}
				},
				"required": [
					"taken"
				],
				"type": "object",
				"description": "From T, pick a set of properties whose keys are in the union K"
			},
			"Omit_IResetMedicationsData.reminder_": {
				"$ref": "#/components/schemas/Pick_IResetMedicationsData.Exclude_keyofIResetMedicationsData.reminder__",
				"description": "Construct a type with the properties of T except for those in type K."
			},
			"ILocationData": {
				"properties": {
					"locationId": {
						"type": "string"
					},
					"locationName": {
						"type": "string"
					},
					"locationAddress": {
						"type": "string"
					},
					"locationCity": {
						"type": "string"
					}
				},
				"required": [
					"locationId",
					"locationName",
					"locationAddress",
					"locationCity"
				],
				"type": "object",
				"additionalProperties": false
			},
			"IContactsData": {
				"properties": {
					"id": {
						"type": "string"
					},
					"name": {
						"type": "string"
					},
					"phone": {
						"type": "string"
					},
					"relationship": {
						"type": "string"
					},
					"isMainContact": {
						"type": "boolean"
					}
				},
				"required": [
					"id",
					"name",
					"phone",
					"relationship",
					"isMainContact"
				],
				"type": "object",
				"additionalProperties": false
			},
			"Pick_IContactsData.Exclude_keyofIContactsData.id__": {
				"properties": {
					"phone": {
						"type": "string"
					},
					"name": {
						"type": "string"
					},
					"relationship": {
						"type": "string"
					},
					"isMainContact": {
						"type": "boolean"
					}
				},
				"required": [
					"phone",
					"name",
					"relationship",
					"isMainContact"
				],
				"type": "object",
				"description": "From T, pick a set of properties whose keys are in the union K"
			},
			"Omit_IContactsData.id_": {
				"$ref": "#/components/schemas/Pick_IContactsData.Exclude_keyofIContactsData.id__",
				"description": "Construct a type with the properties of T except for those in type K."
			},
			"IDoctorsData": {
				"properties": {
					"doctorId": {
						"type": "string"
					},
					"doctorName": {
						"type": "string"
					},
					"specialty": {
						"type": "string"
					},
					"image": {
						"type": "string"
					}
				},
				"required": [
					"doctorId",
					"doctorName",
					"specialty"
				],
				"type": "object",
				"additionalProperties": false
			},
			"IAppointmentScheduleData": {
				"properties": {
					"id": {
						"type": "string"
					},
					"doctorId": {
						"type": "string"
					},
					"locationId": {
						"type": "string"
					},
					"date": {
						"type": "string"
					},
					"time": {
						"type": "string"
					},
					"createdAt": {
						"type": "string"
					}
				},
				"required": [
					"id",
					"doctorId",
					"locationId",
					"date",
					"time",
					"createdAt"
				],
				"type": "object",
				"additionalProperties": false
			},
			"Pick_IAppointmentScheduleData.Exclude_keyofIAppointmentScheduleData.id__": {
				"properties": {
					"time": {
						"type": "string"
					},
					"doctorId": {
						"type": "string"
					},
					"locationId": {
						"type": "string"
					},
					"date": {
						"type": "string"
					},
					"createdAt": {
						"type": "string"
					}
				},
				"required": [
					"time",
					"doctorId",
					"locationId",
					"date",
					"createdAt"
				],
				"type": "object",
				"description": "From T, pick a set of properties whose keys are in the union K"
			},
			"Omit_IAppointmentScheduleData.id_": {
				"$ref": "#/components/schemas/Pick_IAppointmentScheduleData.Exclude_keyofIAppointmentScheduleData.id__",
				"description": "Construct a type with the properties of T except for those in type K."
			},
			"IConfirmScheduleData": {
				"properties": {
					"confirmed": {
						"type": "boolean"
					}
				},
				"required": [
					"confirmed"
				],
				"type": "object",
				"additionalProperties": false
			}
		},
		"securitySchemes": {
			"bearerAuth": {
				"type": "http",
				"scheme": "bearer",
				"bearerFormat": "JWT"
      		}
		}
	},
	"info": {
		"title": "care-idosos",
		"version": "1.0.0",
		"description": "Documentação da API Care Idosos",
		"license": {
			"name": "ISC"
		},
		"contact": {
			"name": "Beatriz Ribeiro"
		}
	},
	"paths": {
		"/user/sign-up": {
			"post": {
				"operationId": "AddUser",
				"responses": {
					"200": {
						"description": "Ok",
						"content": {
							"application/json": {
								"schema": {
									"$ref": "#/components/schemas/IUserData"
								}
							}
						}
					}
				},
				"tags": [
					"Acesso de Usuário"
				],
				"security": [],
				"parameters": [],
				"requestBody": {
					"required": true,
					"content": {
						"application/json": {
							"schema": {
								"$ref": "#/components/schemas/Omit_IUserData.userId_"
							}
						}
					}
				}
			}
		},
		"/user/login": {
			"post": {
				"operationId": "LoginUser",
				"responses": {
					"200": {
						"description": "Ok",
						"content": {
							"application/json": {
								"schema": {
									"type": "string"
								}
							}
						}
					}
				},
				"tags": [
					"Acesso de Usuário"
				],
				"security": [],
				"parameters": [],
				"requestBody": {
					"required": true,
					"content": {
						"application/json": {
							"schema": {
								"$ref": "#/components/schemas/Partial_IUserData_"
							}
						}
					}
				}
			}
		},
		"/user": {
			"get": {
				"operationId": "GetUsers",
				"responses": {
					"200": {
						"description": "Ok",
						"content": {
							"application/json": {
								"schema": {
									"items": {
										"$ref": "#/components/schemas/IUserData"
									},
									"type": "array"
								}
							}
						}
					}
				},
				"tags": [
					"Acesso de Usuário"
				],
				"security": [
					{
						"bearerAuth": []
					}
				],
				"parameters": []
			}
		},
		"/user/{userId}": {
			"get": {
				"operationId": "GetLocationById",
				"responses": {
					"200": {
						"description": "Ok",
						"content": {
							"application/json": {
								"schema": {
									"$ref": "#/components/schemas/Omit_IUserData.password_"
								}
							}
						}
					}
				},
				"tags": [
					"Acesso de Usuário"
				],
				"security": [
					{
						"bearerAuth": []
					}
				],
				"parameters": [
					{
						"in": "path",
						"name": "userId",
						"required": true,
						"schema": {
							"type": "string"
						}
					}
				]
			}
		},
		"/medication": {
			"get": {
				"operationId": "GetMedications",
				"responses": {
					"200": {
						"description": "Ok",
						"content": {
							"application/json": {
								"schema": {
									"items": {
										"$ref": "#/components/schemas/IMedicationsData"
									},
									"type": "array"
								}
							}
						}
					}
				},
				"tags": [
					"Medicações"
				],
				"security": [
					{
						"bearerAuth": []
					}
				],
				"parameters": []
			},
			"post": {
				"operationId": "AddMedication",
				"responses": {
					"200": {
						"description": "Ok",
						"content": {
							"application/json": {
								"schema": {
									"type": "string"
								}
							}
						}
					}
				},
				"tags": [
					"Medicações"
				],
				"security": [
					{
						"bearerAuth": []
					}
				],
				"parameters": [],
				"requestBody": {
					"required": true,
					"content": {
						"application/json": {
							"schema": {
								"$ref": "#/components/schemas/Omit_IMedicationsData.id_"
							}
						}
					}
				}
			}
		},
		"/medication/{id}": {
			"get": {
				"operationId": "GetMedicationById",
				"responses": {
					"200": {
						"description": "Ok",
						"content": {
							"application/json": {
								"schema": {
									"$ref": "#/components/schemas/IMedicationsData"
								}
							}
						}
					}
				},
				"tags": [
					"Medicações"
				],
				"security": [
					{
						"bearerAuth": []
					}
				],
				"parameters": [
					{
						"in": "path",
						"name": "id",
						"required": true,
						"schema": {
							"type": "string"
						}
					}
				]
			},
			"delete": {
				"operationId": "RemoveMedication",
				"responses": {
					"200": {
						"description": "Ok",
						"content": {
							"application/json": {
								"schema": {
									"type": "string"
								}
							}
						}
					}
				},
				"tags": [
					"Medicações"
				],
				"security": [
					{
						"bearerAuth": []
					}
				],
				"parameters": [
					{
						"in": "path",
						"name": "id",
						"required": true,
						"schema": {
							"type": "string"
						}
					}
				]
			}
		},
		"/medication/reminder/{id}": {
			"put": {
				"operationId": "UpdateMedicationReminder",
				"responses": {
					"200": {
						"description": "Ok",
						"content": {
							"application/json": {
								"schema": {
									"type": "string"
								}
							}
						}
					}
				},
				"tags": [
					"Medicações"
				],
				"security": [
					{
						"bearerAuth": []
					}
				],
				"parameters": [
					{
						"in": "path",
						"name": "id",
						"required": true,
						"schema": {
							"type": "string"
						}
					}
				],
				"requestBody": {
					"required": true,
					"content": {
						"application/json": {
							"schema": {
								"$ref": "#/components/schemas/Omit_IResetMedicationsData.taken_"
							}
						}
					}
				}
			}
		},
		"/medication/taken/{id}": {
			"put": {
				"operationId": "UpdateMedicationTaken",
				"responses": {
					"200": {
						"description": "Ok",
						"content": {
							"application/json": {
								"schema": {
									"type": "string"
								}
							}
						}
					}
				},
				"tags": [
					"Medicações"
				],
				"security": [
					{
						"bearerAuth": []
					}
				],
				"parameters": [
					{
						"in": "path",
						"name": "id",
						"required": true,
						"schema": {
							"type": "string"
						}
					}
				],
				"requestBody": {
					"required": true,
					"content": {
						"application/json": {
							"schema": {
								"$ref": "#/components/schemas/Omit_IResetMedicationsData.reminder_"
							}
						}
					}
				}
			}
		},
		"/medication/reset": {
			"put": {
				"operationId": "ResetMedications",
				"responses": {
					"200": {
						"description": "Ok",
						"content": {
							"application/json": {
								"schema": {
									"type": "string"
								}
							}
						}
					}
				},
				"tags": [
					"Medicações"
				],
				"security": [
					{
						"bearerAuth": []
					}
				],
				"parameters": []
			}
		},
		"/location": {
			"get": {
				"operationId": "GetLocations",
				"responses": {
					"200": {
						"description": "Ok",
						"content": {
							"application/json": {
								"schema": {
									"items": {
										"$ref": "#/components/schemas/ILocationData"
									},
									"type": "array"
								}
							}
						}
					}
				},
				"tags": [
					"Endereços das Clínicas"
				],
				"security": [
					{
						"bearerAuth": []
					}
				],
				"parameters": []
			}
		},
		"/location/{locationId}": {
			"get": {
				"operationId": "GetLocationById",
				"responses": {
					"200": {
						"description": "Ok",
						"content": {
							"application/json": {
								"schema": {
									"$ref": "#/components/schemas/ILocationData"
								}
							}
						}
					}
				},
				"tags": [
					"Endereços das Clínicas"
				],
				"security": [
					{
						"bearerAuth": []
					}
				],
				"parameters": [
					{
						"in": "path",
						"name": "locationId",
						"required": true,
						"schema": {
							"type": "string"
						}
					}
				]
			}
		},
		"/contacts": {
			"get": {
				"operationId": "GetEmergencyContacts",
				"responses": {
					"200": {
						"description": "Ok",
						"content": {
							"application/json": {
								"schema": {
									"items": {
										"$ref": "#/components/schemas/IContactsData"
									},
									"type": "array"
								}
							}
						}
					}
				},
				"tags": [
					"Contatos de Emergência"
				],
				"security": [
					{
						"bearerAuth": []
					}
				],
				"parameters": []
			},
			"post": {
				"operationId": "AddEmergencyContact",
				"responses": {
					"200": {
						"description": "Ok",
						"content": {
							"application/json": {
								"schema": {
									"type": "string"
								}
							}
						}
					}
				},
				"tags": [
					"Contatos de Emergência"
				],
				"security": [
					{
						"bearerAuth": []
					}
				],
				"parameters": [],
				"requestBody": {
					"required": true,
					"content": {
						"application/json": {
							"schema": {
								"$ref": "#/components/schemas/Omit_IContactsData.id_"
							}
						}
					}
				}
			}
		},
		"/contacts/{id}": {
			"get": {
				"operationId": "GetEmergencyContactById",
				"responses": {
					"200": {
						"description": "Ok",
						"content": {
							"application/json": {
								"schema": {
									"$ref": "#/components/schemas/IContactsData"
								}
							}
						}
					}
				},
				"tags": [
					"Contatos de Emergência"
				],
				"security": [
					{
						"bearerAuth": []
					}
				],
				"parameters": [
					{
						"in": "path",
						"name": "id",
						"required": true,
						"schema": {
							"type": "string"
						}
					}
				]
			},
			"put": {
				"operationId": "UpdateEmergencyContact",
				"responses": {
					"200": {
						"description": "Ok",
						"content": {
							"application/json": {
								"schema": {
									"type": "string"
								}
							}
						}
					}
				},
				"tags": [
					"Contatos de Emergência"
				],
				"security": [
					{
						"bearerAuth": []
					}
				],
				"parameters": [
					{
						"in": "path",
						"name": "id",
						"required": true,
						"schema": {
							"type": "string"
						}
					}
				],
				"requestBody": {
					"required": true,
					"content": {
						"application/json": {
							"schema": {
								"$ref": "#/components/schemas/Omit_IContactsData.id_"
							}
						}
					}
				}
			},
			"delete": {
				"operationId": "RemoveEmergencyContact",
				"responses": {
					"200": {
						"description": "Ok",
						"content": {
							"application/json": {
								"schema": {
									"type": "string"
								}
							}
						}
					}
				},
				"tags": [
					"Contatos de Emergência"
				],
				"security": [
					{
						"bearerAuth": []
					}
				],
				"parameters": [
					{
						"in": "path",
						"name": "id",
						"required": true,
						"schema": {
							"type": "string"
						}
					}
				]
			}
		},
		"/doctor": {
			"get": {
				"operationId": "GetDoctors",
				"responses": {
					"200": {
						"description": "Ok",
						"content": {
							"application/json": {
								"schema": {
									"items": {
										"$ref": "#/components/schemas/IDoctorsData"
									},
									"type": "array"
								}
							}
						}
					}
				},
				"tags": [
					"Médicos"
				],
				"security": [
					{
						"bearerAuth": []
					}
				],
				"parameters": []
			}
		},
		"/doctor/{doctorId}": {
			"get": {
				"operationId": "GetDoctorById",
				"responses": {
					"200": {
						"description": "Ok",
						"content": {
							"application/json": {
								"schema": {
									"$ref": "#/components/schemas/IDoctorsData"
								}
							}
						}
					}
				},
				"tags": [
					"Médicos"
				],
				"security": [
					{
						"bearerAuth": []
					}
				],
				"parameters": [
					{
						"in": "path",
						"name": "doctorId",
						"required": true,
						"schema": {
							"type": "string"
						}
					}
				]
			}
		},
		"/appointment": {
			"get": {
				"operationId": "GetSchedule",
				"responses": {
					"200": {
						"description": "Ok",
						"content": {
							"application/json": {
								"schema": {
									"items": {
										"$ref": "#/components/schemas/IAppointmentScheduleData"
									},
									"type": "array"
								}
							}
						}
					}
				},
				"tags": [
					"Agendamento de Consultas"
				],
				"security": [
					{
						"bearerAuth": []
					}
				],
				"parameters": []
			},
			"post": {
				"operationId": "AddSchedule",
				"responses": {
					"200": {
						"description": "Ok",
						"content": {
							"application/json": {
								"schema": {
									"type": "string"
								}
							}
						}
					}
				},
				"tags": [
					"Agendamento de Consultas"
				],
				"security": [
					{
						"bearerAuth": []
					}
				],
				"parameters": [],
				"requestBody": {
					"required": true,
					"content": {
						"application/json": {
							"schema": {
								"$ref": "#/components/schemas/Omit_IAppointmentScheduleData.id_"
							}
						}
					}
				}
			}
		},
		"/appointment/{id}": {
			"get": {
				"operationId": "GetScheduleById",
				"responses": {
					"200": {
						"description": "Ok",
						"content": {
							"application/json": {
								"schema": {
									"$ref": "#/components/schemas/IAppointmentScheduleData"
								}
							}
						}
					}
				},
				"tags": [
					"Agendamento de Consultas"
				],
				"security": [
					{
						"bearerAuth": []
					}
				],
				"parameters": [
					{
						"in": "path",
						"name": "id",
						"required": true,
						"schema": {
							"type": "string"
						}
					}
				]
			},
			"put": {
				"operationId": "UpdateSchedule",
				"responses": {
					"200": {
						"description": "Ok",
						"content": {
							"application/json": {
								"schema": {
									"type": "string"
								}
							}
						}
					}
				},
				"tags": [
					"Agendamento de Consultas"
				],
				"security": [
					{
						"bearerAuth": []
					}
				],
				"parameters": [
					{
						"in": "path",
						"name": "id",
						"required": true,
						"schema": {
							"type": "string"
						}
					}
				],
				"requestBody": {
					"required": true,
					"content": {
						"application/json": {
							"schema": {
								"$ref": "#/components/schemas/Omit_IAppointmentScheduleData.id_"
							}
						}
					}
				}
			},
			"delete": {
				"operationId": "RemoveSchedule",
				"responses": {
					"200": {
						"description": "Ok",
						"content": {
							"application/json": {
								"schema": {
									"type": "string"
								}
							}
						}
					}
				},
				"tags": [
					"Agendamento de Consultas"
				],
				"security": [
					{
						"bearerAuth": []
					}
				],
				"parameters": [
					{
						"in": "path",
						"name": "id",
						"required": true,
						"schema": {
							"type": "string"
						}
					}
				]
			}
		},
		"/appointment/confirmed/{id}": {
			"put": {
				"operationId": "ConfirmSchedule",
				"responses": {
					"200": {
						"description": "Ok",
						"content": {
							"application/json": {
								"schema": {
									"$ref": "#/components/schemas/IConfirmScheduleData"
								}
							}
						}
					}
				},
				"tags": [
					"Agendamento de Consultas"
				],
				"security": [
					{
						"bearerAuth": []
					}
				],
				"parameters": [
					{
						"in": "path",
						"name": "id",
						"required": true,
						"schema": {
							"type": "string"
						}
					}
				],
				"requestBody": {
					"required": true,
					"content": {
						"application/json": {
							"schema": {
								"$ref": "#/components/schemas/IConfirmScheduleData"
							}
						}
					}
				}
			}
		}
	},
	"servers": [
		{
			"url": "https://elderly-care.onrender.com/docs",
			"description": "Servidor de produção"
		},
		{
			"url": "http://localhost:3000",
			"description": "Servidor local de desenvolvimento"
    	}	
	]
}